{"cameraMode":{"drawMode":0,"name":"Shaded","section":"Shading Mode"},"sceneLighting":false,"audioPlay":false,"sceneViewState":{"showFog":false,"showMaterialUpdate":false,"showSkybox":false,"showFlares":false,"showImageEffects":true,"showParticleSystems":true,"showVisualEffectGraphs":true,"m_FxEnabled":true},"in2DMode":false,"pivot":{"x":0.40394729375839236,"y":2.5566956996917726,"z":-4.822450637817383},"rotation":{"x":0.40307092666625979,"y":-0.06380732357501984,"z":0.028408942744135858,"w":0.9128892421722412},"size":0.2549510598182678,"orthographic":false}