{"cameraMode":{"drawMode":0,"name":"Shaded","section":"Shading Mode"},"sceneLighting":false,"audioPlay":false,"sceneViewState":{"showFog":false,"showMaterialUpdate":false,"showSkybox":false,"showFlares":false,"showImageEffects":true,"showParticleSystems":true,"showVisualEffectGraphs":true,"m_FxEnabled":true},"in2DMode":false,"pivot":{"x":-0.4988384246826172,"y":0.6149813532829285,"z":-1.1030064821243287},"rotation":{"x":0.17123925685882569,"y":0.20456819236278535,"z":-0.03591843321919441,"w":0.9634657502174377},"size":0.8916277289390564,"orthographic":false}